City_ID,City,Lat,Lng,Max Temp,Humidity,Cloudiness,Wind Speed,Country,Date
0,port-aux-francais,-49.35,70.2167,43.16,96,100,32.3,TF,1717872420
1,weno,7.4515,151.8468,82.35,83,75,4.61,FM,1717872420
2,enewetak,11.3474,162.3373,82.69,81,31,15.01,MH,1717872420
3,salekhard,66.53,66.6019,33.4,80,24,7.0,RU,1717872420
4,tiksi,71.6872,128.8694,32.09,90,57,8.79,RU,1717872420
5,albany,42.6001,-73.9662,69.8,63,41,1.99,US,1717872210
6,invercargill,-46.4,168.35,45.01,88,100,4.0,NZ,1717872420
7,hermanus,-34.4187,19.2345,49.8,77,0,6.08,ZA,1717872420
8,sharlyk,52.9167,54.75,62.83,91,100,10.18,RU,1717872420
9,martuk,50.7475,56.5056,64.63,86,97,7.61,KZ,1717872420
10,choibalsan,48.0667,114.5,51.55,71,27,2.89,MN,1717872420
11,ushuaia,-54.8,-68.3,37.06,70,20,13.8,AR,1717872420
12,blackmans bay,-43.0167,147.3167,47.73,92,3,8.61,AU,1717872420
13,polyarnyy,69.1989,33.4478,40.24,85,100,15.46,RU,1717872421
14,vilyuchinsk,52.9306,158.4028,53.87,72,100,8.81,RU,1717872421
15,yellowknife,62.456,-114.3525,52.32,46,100,12.66,CA,1717872390
16,west island,-12.1568,96.8225,80.58,83,100,13.8,CC,1717872421
17,bandon,51.7469,-8.7425,60.39,73,5,12.19,IE,1717872421
18,sevilla,37.3824,-5.9761,74.07,60,20,14.97,ES,1717872351
19,jamestown,42.097,-79.2353,70.02,43,40,21.85,US,1717872212
20,kodiak,57.79,-152.4072,45.91,87,100,26.46,US,1717872421
21,waitangi,-43.9535,-176.5597,47.82,83,5,5.99,NZ,1717872421
22,sarmiento,-45.5882,-69.07,46.0,79,100,6.26,AR,1717872283
23,aasiaat,68.7098,-52.8699,35.31,83,12,8.3,GL,1717872421
24,adamstown,-25.066,-130.1015,72.95,82,11,11.12,PN,1717872380
25,cadale,2.7603,46.3222,79.56,83,45,16.17,SO,1717872421
26,naze,28.3667,129.4833,74.32,92,95,8.41,JP,1717872421
27,benghazi,32.1167,20.0667,75.33,69,0,13.33,LY,1717872421
28,ciudad bolivar,8.1222,-63.5497,91.36,48,90,1.3,VE,1717872421
29,mahavelona,-17.6848,49.5087,66.18,90,30,4.21,MG,1717872421
30,alice springs,-23.7,133.8833,38.75,93,0,4.61,AU,1717872421
31,olonkinbyen,70.9221,-8.7187,33.75,93,71,11.77,SJ,1717872421
32,hohhot,40.8106,111.6522,57.49,72,0,2.24,CN,1717872421
33,bredasdorp,-34.5322,20.0403,50.34,86,0,2.37,ZA,1717872421
34,longyearbyen,78.2186,15.6401,39.04,75,75,2.3,SJ,1717872422
35,edinburgh of the seven seas,-37.0676,-12.3116,61.2,90,100,28.97,SH,1717872422
36,thompson,55.7435,-97.8558,39.36,93,100,9.22,CA,1717872422
37,utrik,11.2278,169.8474,82.47,81,19,17.13,MH,1717872422
38,georgetown,5.4112,100.3354,84.13,73,20,4.61,MY,1717872310
39,sao vicente,-23.9631,-46.3919,89.28,88,75,5.99,BR,1717872422
40,ulladulla,-35.35,150.4667,50.43,86,57,4.56,AU,1717872422
41,grand falls-windsor,48.9332,-55.6649,59.5,82,86,6.04,CA,1717872422
42,port elizabeth,-33.918,25.5701,55.69,94,0,3.44,ZA,1717872422
43,tsiombe,-25.3,45.4833,67.21,64,100,12.44,MG,1717872422
44,ovalle,-30.5983,-71.2003,58.44,76,100,8.39,CL,1717872371
45,tazovsky,67.4667,78.7,37.99,82,94,7.9,RU,1717872422
46,iskateley,67.6803,53.1512,40.01,73,82,11.01,RU,1717872422
47,olyokminsk,60.3736,120.4264,45.12,91,97,4.45,RU,1717872422
48,turner,44.2565,-70.2562,73.58,72,97,5.99,US,1717872422
49,mpika,-11.8343,31.4529,59.09,51,0,6.76,ZM,1717872422
50,haiku-pauwela,20.9219,-156.3051,80.22,74,20,17.27,US,1717872422
51,margaret river,-33.95,115.0667,61.79,91,100,25.17,AU,1717872422
52,port hueneme,34.1478,-119.1951,70.12,92,100,6.91,US,1717872422
53,prosser,46.2068,-119.7689,83.89,22,66,3.36,US,1717872422
54,waiuku,-37.25,174.75,62.26,90,100,10.4,NZ,1717872422
55,bosansko grahovo,44.1794,16.3639,61.61,89,12,2.55,BA,1717872422
56,bathsheba,13.2167,-59.5167,88.41,74,20,19.57,BB,1717872423
57,kapa'a,22.0752,-159.319,82.38,82,100,9.22,US,1717872423
58,amga,60.8953,131.9608,47.71,93,7,1.3,RU,1717872423
59,lisala,2.15,21.5167,75.15,78,100,0.92,CD,1717872423
60,san angelo,31.4638,-100.437,100.29,30,0,13.8,US,1717872171
61,chonchi,-42.6128,-73.8092,56.41,94,100,10.18,CL,1717872404
62,fiambala,-27.6871,-67.6149,85.51,5,73,4.74,AR,1717872423
63,okahandja,-21.9833,16.9167,54.79,23,0,11.45,NA,1717872423
64,quang ngai,15.1167,108.8,77.86,86,100,4.7,VN,1717872423
65,stanley,54.868,-1.6985,56.79,53,20,17.27,GB,1717872423
66,bethel,41.3712,-73.414,77.31,53,0,11.5,US,1717872391
67,kenai,60.5544,-151.2583,56.01,68,100,13.8,US,1717872423
68,grytviken,-54.2811,-36.5092,27.55,86,100,7.72,GS,1717872423
69,atafu village,-8.5421,-172.5159,83.05,74,100,6.69,TK,1717872423
70,iquique,-20.2208,-70.1431,66.24,74,100,0.56,CL,1717872188
71,puerto natales,-51.7236,-72.4875,37.85,100,75,3.44,CL,1717872301
72,la tuque,47.4334,-72.7824,62.85,77,100,6.91,CA,1717872423
73,kyren,51.6828,102.1408,57.94,83,1,1.99,RU,1717872423
74,flying fish cove,-10.4217,105.6791,78.48,94,100,12.66,CX,1717872423
75,roma,43.2128,-75.4557,69.82,69,75,18.41,US,1717872336
76,kidal,18.4411,1.4078,103.3,13,84,9.66,ML,1717872423
77,ak'ordat,15.5486,37.8867,99.79,15,61,3.33,ER,1717872423
78,puerto ayora,-0.7393,-90.3518,80.56,89,100,5.01,EC,1717872423
79,dudinka,69.4058,86.1778,35.67,97,89,8.99,RU,1717872423
80,nova sintra,14.8667,-24.7167,74.75,83,0,24.7,CV,1717872423
81,alta,69.9689,23.2717,49.26,81,100,5.75,NO,1717872424
82,wailua homesteads,22.0669,-159.378,81.03,82,100,9.22,US,1717872424
83,coyhaique,-45.5752,-72.0662,45.21,98,100,3.78,CL,1717872403
84,praia da vitoria,38.7333,-27.0667,71.85,64,40,9.06,PT,1717872424
85,hamilton,39.1834,-84.5333,76.21,65,40,4.61,US,1717872330
86,xiaoweizhai,26.1903,107.5125,66.92,99,100,3.56,CN,1717872424
87,tahe,52.3333,124.7333,45.63,58,96,3.11,CN,1717872424
88,mandalgovi,45.7625,106.2708,66.87,28,100,10.63,MN,1717872424
89,mar del plata,-38.0023,-57.5575,58.08,97,100,17.0,AR,1717872184
90,kone,-21.0595,164.8658,69.33,92,92,4.38,NC,1717872424
91,isafjordur,66.0755,-23.124,41.04,70,40,8.05,IS,1717872424
92,khandyga,62.6667,135.6,48.43,44,0,8.28,RU,1717872424
93,novyy urengoy,66.0833,76.6333,41.76,74,14,9.66,RU,1717872394
94,gorodoviki,46.1353,41.9656,73.33,40,46,6.17,RU,1717872424
95,jiuquan,39.7432,98.5174,70.21,21,100,4.12,CN,1717872424
96,contai,21.7786,87.7536,85.21,78,15,17.16,IN,1717872424
97,vorkuta,67.5,64.0,30.11,93,100,1.99,RU,1717872424
98,es castell,39.8795,4.2854,70.48,100,75,16.11,ES,1717872424
99,coquimbo,-29.9533,-71.3436,62.33,73,75,9.22,CL,1717872304
100,hun,29.1268,15.9477,88.39,13,0,7.16,LY,1717872424
101,jampur,29.6441,70.5954,93.25,27,0,2.95,PK,1717872424
102,avarua,-21.2078,-159.775,73.45,64,20,3.44,CK,1717872424
103,kargasok,59.0556,80.8572,49.82,95,79,13.65,RU,1717872424
104,iqaluit,63.7506,-68.5145,37.13,64,75,17.27,CA,1717872424
105,winnemucca,40.973,-117.7357,87.85,19,0,5.75,US,1717872424
106,punta del este,-34.9667,-54.95,75.31,83,0,4.61,UY,1717872424
107,hami,42.8,93.45,82.71,12,98,14.65,CN,1717872425
108,severo-yeniseyskiy,60.3725,93.0408,52.57,70,100,8.99,RU,1717872425
109,lebu,-37.6167,-73.65,53.19,93,100,17.18,CL,1717872398
110,murghob,38.1702,73.9667,32.79,99,100,0.85,TJ,1717872425
111,petropavlovsk-kamchatsky,53.0452,158.6483,52.39,63,75,14.0,RU,1717872425
112,vadso,70.0744,29.7487,38.28,93,100,13.8,NO,1717872425
113,tsengel,49.4783,100.8894,55.71,54,100,2.3,MN,1717872425
114,lompoc,34.6391,-120.4579,75.78,91,100,11.5,US,1717872425
115,ust-nera,64.5667,143.2,41.77,51,88,4.12,RU,1717872425
116,dakhla,23.6848,-15.958,73.42,78,0,16.11,EH,1717872425
117,shingu,33.7333,135.9833,65.91,90,100,2.24,JP,1717872425
118,itoman,26.1247,127.6694,79.57,100,75,8.05,JP,1717872425
119,nelson bay,-32.7167,152.15,57.09,87,0,1.01,AU,1717872425
120,panji,-7.7253,114.0995,76.71,90,93,3.87,ID,1717872425
121,puerto san jose,13.9256,-90.8244,80.65,83,100,4.61,GT,1717872425
122,hasaki,35.7333,140.8333,63.28,79,98,8.46,JP,1717872425
123,keflavik,64.0049,-22.5624,48.11,61,0,11.5,IS,1717872425
124,arraial do cabo,-22.9661,-42.0278,78.76,78,0,13.8,BR,1717872425
125,glace bay,46.1969,-59.957,65.14,64,75,11.5,CA,1717872425
126,nikolayevsk-on-amure,53.1406,140.73,41.22,97,80,3.0,RU,1717872425
127,hawaiian paradise park,19.5933,-154.9731,78.87,78,20,3.44,US,1717872426
128,bilibino,68.0546,166.4372,43.3,48,0,3.36,RU,1717872356
129,chui,-33.6971,-53.4616,66.63,91,100,6.08,UY,1717872340
130,ilulissat,69.2167,-51.1,39.22,75,0,8.05,GL,1717872426
131,hagere hiywet,8.9833,37.85,65.1,66,63,3.56,ET,1717872426
132,prieska,-29.6641,22.7474,50.88,51,0,5.19,ZA,1717872426
133,twon-brass,4.3151,6.2418,79.29,86,99,14.65,NG,1717872426
134,verkhovazh'ye,60.7472,42.0465,56.14,87,36,2.55,RU,1717872426
135,manhush,47.0558,37.3107,66.65,76,8,9.51,UA,1717872426
136,malango,-2.9627,119.9001,65.77,98,99,2.28,ID,1717872426
137,punta arenas,-53.15,-70.9167,39.31,65,0,5.75,CL,1717872188
138,margate,51.3813,1.3862,62.69,65,1,14.27,GB,1717872426
139,kashgar,39.4547,75.9797,67.21,48,20,4.47,CN,1717872426
140,dunedin,-45.8742,170.5036,42.8,98,100,1.99,NZ,1717872426
141,ephraim,39.3597,-111.5863,81.81,33,0,6.22,US,1717872426
142,saynshand,44.8824,110.1163,70.38,29,37,8.55,MN,1717872426
143,midvagur,62.0511,-7.1939,45.43,81,75,17.27,FO,1717872426
144,arawa,-6.2132,155.5367,77.14,92,100,3.09,PG,1717872426
145,puerto aysen,-45.4,-72.7,46.58,99,100,5.35,CL,1717872393
146,stephenville,32.2207,-98.2023,95.25,42,0,16.11,US,1717872182
147,obock,12.25,43.0833,87.71,38,6,1.19,DJ,1717872426
148,malindi,-3.2175,40.1191,80.76,69,20,14.97,KE,1717872426
149,oranjemund,-28.55,16.4333,63.82,44,4,7.29,NA,1717872426
150,kousseri,12.0769,15.0306,96.76,32,20,5.75,CM,1717872426
151,anadyr,64.75,177.4833,34.3,100,75,8.95,RU,1717872426
152,carnarvon,-24.8667,113.6333,73.26,73,41,17.45,AU,1717872426
153,gubakha,58.8386,57.5532,53.17,87,88,3.11,RU,1717872426
154,torghay,49.6339,63.4981,68.95,72,15,8.55,KZ,1717872426
155,cabo san lucas,22.8909,-109.9124,87.62,66,73,8.72,MX,1717872426
156,san pedro de alcantara,36.4884,-4.9912,80.15,55,3,8.88,ES,1717872427
157,qaqortoq,60.7167,-46.0333,38.55,98,100,2.44,GL,1717872427
158,constantia,44.1833,28.65,70.7,67,45,9.04,RO,1717872427
159,pangody,65.85,74.4859,41.05,79,50,6.38,RU,1717872427
160,bengkulu,-3.8004,102.2655,76.03,93,100,4.0,ID,1717872427
161,sanjwal,33.7608,72.4336,81.68,31,0,4.29,PK,1717872427
162,port mathurin,-19.6833,63.4167,75.16,78,40,22.3,MU,1717872427
163,soure,-0.7167,-48.5233,80.82,81,89,10.54,BR,1717872179
164,spearfish,44.4908,-103.8594,72.27,33,20,17.27,US,1717872427
165,tangalle,6.024,80.7911,78.4,89,71,11.18,LK,1717872427
166,pangoa,-12.1167,-73.0,86.54,41,12,3.78,PE,1717872427
167,greenville,35.6127,-77.3663,85.95,30,0,4.61,US,1717872413
168,ola,59.5833,151.2833,41.14,98,100,1.99,RU,1717872427
169,kolonia,50.9333,6.95,66.43,52,0,11.5,DE,1717872269
170,kolonia town,6.964,158.206,80.6,94,100,5.75,FM,1717872427
171,ribeira grande,38.5167,-28.7,70.2,83,40,14.97,PT,1717872427
172,sao joao da barra,-21.6403,-41.0511,80.69,75,0,8.99,BR,1717872427
173,rio grande,-32.035,-52.0986,71.71,87,100,9.8,BR,1717872427
174,arno,60.1167,18.6333,53.78,66,100,12.17,SE,1717872427
175,egirdir,37.8746,30.8504,70.88,68,79,6.4,TR,1717872427
176,port lincoln,-34.7333,135.8667,54.9,77,64,7.76,AU,1717872427
177,tshikapa,-6.4167,20.8,77.59,31,8,2.21,CD,1717872427
178,crucecita,-28.95,-58.9833,82.38,52,12,13.65,AR,1717872427
179,xinyuan,37.3,99.0,43.09,84,100,3.65,CN,1717872428
180,bamboo flat,11.7,92.7167,78.89,94,40,1.14,IN,1717872428
181,minas de marcona,-15.2119,-75.1103,65.71,56,50,9.35,PE,1717872428
182,ryotsu-minato,38.0833,138.4333,63.64,95,100,3.38,JP,1717872428
183,cockburn town,21.4612,-71.1419,82.45,83,100,13.44,TC,1717872428
184,inari,68.906,27.0288,50.2,76,61,5.08,FI,1717872428
185,mejit,10.2753,170.8646,83.03,81,69,17.27,MH,1717872428
186,colonia,50.9333,6.95,66.43,52,0,11.5,DE,1717872243
187,kingscliff,-28.2667,153.5667,51.73,100,0,1.14,AU,1717872428
188,kamaishi,39.2667,141.8833,59.09,95,100,7.72,JP,1717872428
189,whitehorse,60.7161,-135.0538,69.1,30,75,5.99,CA,1717872357
190,remire-montjoly,4.9167,-52.2667,89.64,66,31,12.66,GF,1717872428
191,udachny,66.4167,112.4,56.44,80,97,4.59,RU,1717872428
192,lazaro cardenas,17.9583,-102.2,85.32,59,7,12.39,MX,1717872428
193,touros,-5.1989,-35.4608,79.5,89,17,13.02,BR,1717872396
194,nar'yan-mar,67.6713,53.087,40.1,73,75,11.01,RU,1717872428
195,port shepstone,-30.7414,30.455,61.07,68,71,5.59,ZA,1717872428
196,papatowai,-46.5619,169.4708,45.9,85,100,7.11,NZ,1717872428
197,pago pago,-14.2781,-170.7025,80.37,71,100,23.29,AS,1717872428
198,kankan,10.3854,-9.3057,85.75,53,51,3.53,GN,1717872428
199,gisborne,-38.6533,178.0042,48.18,88,21,7.07,NZ,1717872428
200,ilha de mocambique,-15.0342,40.7358,79.83,69,1,18.77,MZ,1717872428
201,tanjay,9.5153,123.1583,80.62,79,100,2.57,PH,1717872428
202,yauya,-8.9833,-77.3,63.75,30,56,2.55,PE,1717872428
203,mermoz boabab,14.7065,-17.4758,79.36,73,40,9.22,SN,1717872428
204,vila franca do campo,37.7167,-25.4333,68.41,99,81,6.49,PT,1717872429
205,badger,64.8,-147.5333,73.98,32,0,14.97,US,1717872429
206,tchintabaraden,15.8969,5.7985,89.87,40,6,13.58,NE,1717872429
207,qulsary,46.9531,54.0198,77.9,58,93,14.94,KZ,1717872429
208,extrema,-22.8547,-46.3183,75.31,51,21,0.96,BR,1717872429
209,uturoa,-16.7333,-151.4333,79.86,79,95,8.66,PF,1717872429
210,terrace,54.5163,-128.6035,78.22,28,75,8.05,CA,1717872429
211,mata-utu,-13.2816,-176.1745,82.47,75,100,25.19,WF,1717872429
212,neryungri,56.6709,124.6491,45.19,93,87,0.74,RU,1717872429
213,mamadysh,55.7152,51.408,60.08,85,100,4.65,RU,1717872429
214,saipan,15.1355,145.701,79.5,89,40,8.05,MP,1717872429
215,amqui,48.4638,-67.4313,57.31,93,96,6.64,CA,1717872429
216,east london,-33.0153,27.9116,56.34,82,0,4.61,ZA,1717872429
217,tolanaro,-25.0319,46.9987,69.87,83,75,13.8,MG,1717872429
218,caibarien,22.5206,-79.4669,85.32,65,100,12.91,CU,1717872429
219,steubenville,40.3698,-80.634,78.93,45,65,4.0,US,1717872397
220,miracema do tocantins,-9.5618,-48.3967,94.98,26,2,6.11,BR,1717872429
221,novo aripuana,-5.1206,-60.3797,95.5,36,51,3.76,BR,1717872429
222,kloulklubed,7.0419,134.2556,79.3,78,100,9.64,PW,1717872429
223,romorantin-lanthenay,47.4167,1.8333,67.66,73,0,0.0,FR,1717872430
224,pestretsy,55.7531,49.6545,62.28,95,2,5.95,RU,1717872430
225,watford city,47.8022,-103.2832,69.66,28,75,11.5,US,1717872430
226,marka,1.7159,44.7717,78.19,85,100,13.98,SO,1717872430
227,funafuti,-8.5243,179.1942,82.4,89,75,1.14,TV,1717872430
228,ribas do rio pardo,-20.4431,-53.7592,91.02,23,6,9.69,BR,1717872430
229,emerald,-23.5333,148.1667,48.97,72,100,8.57,AU,1717872430
230,akureyri,65.6835,-18.0878,40.93,75,75,11.5,IS,1717872430
231,palangkaraya,-2.2,113.8333,74.34,95,99,1.61,ID,1717872430
232,boyolangu,-8.1181,111.8935,75.11,97,61,2.59,ID,1717872430
233,lerwick,60.1545,-1.1494,48.2,88,100,23.89,GB,1717872430
234,howard springs,-12.497,131.047,62.51,82,5,7.52,AU,1717872430
235,new norfolk,-42.7826,147.0587,48.92,92,90,2.13,AU,1717872430
236,port alfred,-33.5906,26.891,59.32,78,21,11.92,ZA,1717872430
237,eilat,29.5581,34.9482,102.04,10,0,9.22,IL,1717872430
238,villa ocampo,-28.4875,-59.3551,83.46,50,71,12.77,AR,1717872430
239,irymple,-34.25,142.1667,44.1,86,28,6.55,AU,1717872430
240,st. john's,47.5649,-52.7093,64.15,73,40,14.97,CA,1717872375
241,zugdidi,42.5088,41.8709,65.93,98,100,1.7,GE,1717872430
242,fale old settlement,-9.3852,-171.2468,83.25,71,85,5.41,TK,1717872430
243,evora,38.5667,-7.9,65.48,66,77,12.84,PT,1717872430
244,ozalp,38.6548,43.993,57.65,78,99,3.56,TR,1717872431
245,salinas,36.6777,-121.6555,72.54,72,40,8.05,US,1717872361
246,ipatovo,45.7181,42.9036,72.79,42,84,5.35,RU,1717872431
247,talnakh,69.4865,88.3972,35.2,98,100,9.78,RU,1717872431
248,sur,22.5667,59.5289,88.52,58,0,4.07,OM,1717872431
249,walvis bay,-22.9575,14.5053,76.15,15,19,10.36,NA,1717872431
250,nanning,22.8167,108.3167,77.45,98,87,4.7,CN,1717872431
251,lahaina,20.8783,-156.6825,81.0,79,0,7.38,US,1717872181
252,afaahiti,-17.75,-149.2833,75.07,85,97,15.66,PF,1717872431
253,mhamid,29.82,-5.72,90.57,9,100,23.67,MA,1717872431
254,fonte boa,-2.4959,-66.2662,79.39,93,100,2.89,BR,1717872431
255,jutai,-5.1833,-68.9,92.14,47,100,2.84,BR,1717872431
256,ahmadpur,18.7,76.9333,84.76,62,100,10.4,IN,1717872431
257,bovalino,38.149,16.174,75.09,62,0,5.17,IT,1717872431
258,hirara,24.8,125.2833,80.87,100,75,5.75,JP,1717872431
259,paracatu,-17.2222,-46.8747,83.39,32,5,6.82,BR,1717872431
260,rurrenabaque,-14.4413,-67.5278,90.72,36,7,3.18,BO,1717872431
261,lae,-6.7221,146.9847,73.08,88,27,4.81,PG,1717872431
262,nguigmi,14.2495,13.1092,96.39,28,100,19.53,NE,1717872431
263,coyuca de catalan,18.3333,-100.65,109.08,16,90,2.33,MX,1717872431
264,mana,5.6592,-53.7767,84.18,70,23,9.35,GF,1717872431
265,paracuru,-3.41,-39.0306,84.11,87,35,9.17,BR,1717872431
266,lata,40.1629,-8.3327,67.5,47,65,5.66,PT,1717872431
267,ghadamis,30.1337,9.5007,92.57,11,0,5.88,LY,1717872432
268,arteaga,18.4667,-102.4167,96.22,13,100,4.88,MX,1717872432
269,padangsidempuan,1.3667,99.2667,71.62,98,100,1.92,ID,1717872432
270,auckland,-36.8667,174.7667,60.78,85,75,17.27,NZ,1717872237
271,pimentel,-6.8367,-79.9342,73.69,64,0,16.11,PE,1717872432
272,sisimiut,66.9395,-53.6735,42.87,71,14,3.27,GL,1717872432
273,lihue,21.9789,-159.3672,81.64,77,100,9.22,US,1717872432
274,nouadhibou,20.931,-17.0347,73.38,73,20,20.71,MR,1717872432
275,pamandzi,-12.7967,45.2794,78.58,78,0,12.66,YT,1717872432
276,pisco,-13.7,-76.2167,64.45,88,100,4.61,PE,1717872432
277,sterling,39.0062,-77.4286,87.12,40,0,8.05,US,1717872287
278,hats'avan,39.4641,45.9705,55.36,89,100,5.03,AM,1717872432
279,acapulco de juarez,16.8634,-99.8901,85.82,74,40,13.8,MX,1717872380
280,winslow,35.0242,-110.6974,89.78,9,0,4.61,US,1717872432
281,kununurra,-15.7667,128.7333,57.18,67,0,5.75,AU,1717872432
282,conduaga,8.862,117.4893,77.41,90,100,5.93,PH,1717872432
283,shahba,32.8551,36.629,77.09,39,0,8.79,SY,1717872432
284,lanivtsi,49.8633,26.0908,59.5,80,0,4.18,UA,1717872432
285,rundu,-17.9333,19.7667,59.11,28,1,7.16,NA,1717872432
286,rocha,-34.4833,-54.3333,69.89,85,100,9.66,UY,1717872432
287,greenland,43.0362,-70.8328,75.24,76,75,9.22,US,1717872432
288,klyuchi,52.2667,79.1667,64.04,79,6,4.81,RU,1717872432
289,shalqar,47.8333,59.6,79.66,35,23,11.43,KZ,1717872432
290,ad douiem,14.0012,32.3116,90.7,39,100,17.2,SD,1717872432
291,sinabang,2.4803,96.3801,79.05,84,92,4.68,ID,1717872433
292,ippy,6.2679,21.2247,71.94,84,100,2.51,CF,1717872433
293,ushirombo,-3.4919,31.9639,68.22,45,10,3.76,TZ,1717872433
294,north bend,43.4065,-124.2243,73.24,77,0,13.8,US,1717872433
295,vyaz'ma,55.2104,34.2951,51.15,98,20,5.97,RU,1717872433
296,nyurba,63.2842,118.3319,50.47,96,82,4.05,RU,1717872433
297,nemuro,43.3236,145.575,49.78,96,100,11.3,JP,1717872433
298,barberton,-25.7884,31.0532,55.45,64,100,2.3,ZA,1717872433
299,luganville,-15.5333,167.1667,77.07,84,99,10.0,VU,1717872433
300,barah,13.7,30.3667,86.18,47,100,10.85,SD,1717872433
301,vorgashor,67.5833,63.95,29.8,93,100,6.02,RU,1717872433
302,arteche,12.2645,125.4048,78.78,90,100,4.85,PH,1717872433
303,nuku'alofa,-21.1333,-175.2,70.14,73,40,8.05,TO,1717872433
304,kailua-kona,19.6406,-155.9956,80.56,83,0,11.5,US,1717872433
305,san antonio de pale,-1.4014,5.6325,76.86,79,7,7.78,GQ,1717872433
306,amphoe sikhiu,14.8994,101.7083,78.84,73,87,11.05,TH,1717872433
307,boda,4.3189,17.4695,72.23,91,100,3.2,CF,1717872433
308,betio village,1.358,172.9211,77.04,76,78,10.96,KI,1717872433
309,takahashi,34.7833,133.6167,68.18,93,100,10.67,JP,1717872433
310,nicoya,10.1483,-85.452,83.7,80,100,3.31,CR,1717872433
311,kirakira,-10.4544,161.9205,80.73,89,100,10.54,SB,1717872433
312,puerto quijarro,-17.7833,-57.7667,96.49,21,62,7.0,BO,1717872433
313,nagamangala,12.8156,76.7575,71.04,88,100,12.37,IN,1717872433
314,codrington,-38.2667,141.9667,53.82,69,100,10.29,AU,1717872433
315,college,64.8569,-147.8028,74.07,33,75,14.97,US,1717872434
316,nadi,-17.8,177.4167,75.2,73,75,12.66,FJ,1717872434
317,itabira,-19.6192,-43.2269,75.78,47,41,3.56,BR,1717872434
318,ahar,38.4774,47.0699,63.32,81,100,4.74,IR,1717872434
319,ixtapa,20.7,-105.2,83.43,70,75,9.22,MX,1717872434
320,tura,25.5198,90.2201,75.83,95,0,6.02,IN,1717872434
321,ust'-charyshskaya pristan',52.3934,83.6635,60.84,95,25,12.93,RU,1717872434
322,trevelin,-43.0858,-71.4639,44.08,92,100,0.38,AR,1717872434
323,leh,34.1667,77.5833,41.68,50,2,4.7,IN,1717872313
324,atherton,53.5237,-2.4935,58.21,67,5,8.01,GB,1717872434
325,farasan,16.7022,42.1183,89.69,65,0,5.55,SA,1717872434
326,sandnessjoen,66.0217,12.6316,63.12,68,73,11.88,NO,1717872434
327,fuyu,45.1833,124.8167,57.27,84,87,5.66,CN,1717872434
328,mount pearl,47.5166,-52.7813,63.32,74,40,14.97,CA,1717872434
329,aldinga beach,-35.2793,138.4604,53.67,84,69,10.71,AU,1717872434
330,klaksvik,62.2266,-6.589,45.52,76,95,20.62,FO,1717872434
331,alaghsas,17.0187,8.0168,102.09,24,96,11.5,NE,1717872434
332,mairang,25.5667,91.6333,62.67,83,3,5.57,IN,1717872434
333,wucheng,29.6008,118.175,71.42,87,100,3.0,CN,1717872434
334,tukrah,32.5341,20.5791,74.05,76,0,8.05,LY,1717872434
335,alesund,62.4723,6.1549,52.72,84,75,6.91,NO,1717872435
336,susuman,62.7833,148.1667,33.98,77,100,8.01,RU,1717872435
337,saint albans,51.75,-0.3333,64.17,44,5,13.8,GB,1717872378
338,shixing,24.9482,114.0657,75.36,98,100,1.34,CN,1717872435
339,lahij,13.1667,44.5833,91.94,37,13,4.65,YE,1717872435
340,turpan,42.9333,89.1667,90.0,16,100,1.99,CN,1717872435
341,saint-pierre,-21.3393,55.4781,71.28,73,0,5.75,RE,1717872435
342,mingora,34.7758,72.3625,71.82,41,0,5.86,PK,1717872435
343,peace river,56.2501,-117.286,46.71,81,100,11.5,CA,1717872435
344,mandla,22.6,80.3833,83.07,60,100,12.15,IN,1717872435
345,tosontsengel,48.7567,98.2839,48.7,63,0,1.48,MN,1717872435
346,eno,62.8051,30.1542,53.89,80,100,5.82,FI,1717872435
347,korla,41.7597,86.1469,76.68,28,26,4.43,CN,1717872435
348,monywa,22.1167,95.1333,88.41,60,98,10.4,MM,1717872435
349,kapuskasing,49.4169,-82.4331,62.69,55,75,16.11,CA,1717872156
350,shimoda,34.6667,138.95,62.1,83,100,3.6,JP,1717872435
351,tonghua,41.7201,125.9219,50.94,99,66,3.2,CN,1717872435
352,hadibu,12.65,54.0333,83.53,78,76,15.32,YE,1717872435
353,kingori,-3.2833,36.9833,65.44,69,93,4.03,TZ,1717872435
354,las heras,-46.5419,-68.9359,41.22,79,100,15.84,AR,1717872435
355,tallbisah,34.8406,36.7309,85.68,27,2,5.41,SY,1717872435
356,christchurch,-43.5333,172.6333,49.91,92,100,5.75,NZ,1717872408
357,tarui,35.3667,136.5333,70.86,100,100,4.16,JP,1717872435
358,happy valley-goose bay,53.3168,-60.3315,73.71,49,20,8.05,CA,1717872310
359,holualoa,19.6228,-155.9522,76.84,84,0,11.5,US,1717872309
360,san pedro pochutla,15.7333,-96.4667,80.31,52,100,8.68,MX,1717872436
361,mount gambier,-37.8333,140.7667,46.26,88,36,4.41,AU,1717872436
362,ust'-kut,56.7938,105.7672,46.44,22,91,5.01,RU,1717872436
363,antsiranana,-12.2787,49.2917,70.77,85,0,7.78,MG,1717872436
364,villa gesell,-37.2639,-56.973,62.38,90,100,9.91,AR,1717872436
365,puerto armuelles,8.2833,-82.8667,89.58,72,96,4.0,PA,1717872405
366,usinsk,65.9939,57.5281,37.08,85,3,10.94,RU,1717872436
367,aromashevo,56.8602,68.6375,50.99,90,17,2.95,RU,1717872436
368,carolina,18.3808,-65.9574,94.86,59,75,12.66,PR,1717872174
369,knyaze-volkonskoye,48.4642,135.4567,54.0,98,100,7.0,RU,1717872436
370,bikin,46.8161,134.26,58.17,98,100,3.02,RU,1717872436
371,neustadt am rubenberge,52.5046,9.4587,64.69,69,75,18.01,DE,1717872436
372,taungoo,18.9333,96.4333,76.24,92,89,3.47,MM,1717872436
373,pokhara,28.2333,83.9833,74.95,41,0,7.65,NP,1717872436
374,nanao,37.05,136.9667,69.33,89,100,2.44,JP,1717872436
375,derzhavinsk,51.1,66.3167,67.87,72,57,8.66,KZ,1717872436
376,fort bragg,35.139,-79.006,90.82,32,0,4.61,US,1717872436
377,yuzhno-kurilsk,44.0306,145.8556,52.38,98,100,8.5,RU,1717872436
378,steamboat springs,40.485,-106.8317,76.33,45,40,6.91,US,1717872280
379,murudeshwara,14.0943,74.4845,79.16,87,100,8.41,IN,1717872273
380,isangel,-19.55,169.2667,75.31,83,75,5.75,VU,1717872436
381,libenge,3.65,18.6333,75.43,89,100,3.58,CD,1717872436
382,nakasongola,1.3089,32.4564,71.65,63,98,4.32,UG,1717872436
383,gbarnga,6.9956,-9.4722,74.61,99,94,3.71,LR,1717872316
384,saudarkrokur,65.7461,-19.6394,37.42,96,71,7.38,IS,1717872437
385,luba,3.4568,8.5547,80.49,90,93,12.21,GQ,1717872437
386,lospalos,-8.5186,127.0025,67.19,94,43,6.85,TL,1717872437
387,chegdomyn,51.1167,133.0167,49.17,96,100,4.25,RU,1717872437
388,chibougamau,49.9168,-74.3659,65.82,63,100,6.91,CA,1717872437
389,puerto madryn,-42.7692,-65.0385,60.31,56,100,7.11,AR,1717872231
390,port augusta,-32.5,137.7667,47.8,69,50,3.09,AU,1717872437
391,limanowa,49.7059,20.422,65.5,91,100,2.46,PL,1717872437
392,sanctuary point,-35.1114,150.629,56.75,84,34,5.19,AU,1717872437
393,pacific,38.482,-90.7415,86.09,71,100,6.98,US,1717872437
394,waynesboro,38.0685,-78.8895,82.89,45,0,6.91,US,1717872437
395,abaete,-19.16,-45.4458,82.49,35,0,3.91,BR,1717872437
396,san patricio,28.017,-97.5169,96.17,40,5,15.79,US,1717872437
397,port macquarie,-31.4333,152.9167,48.88,79,0,5.93,AU,1717872428
398,rio claro,-22.4114,-47.5614,80.46,36,4,1.14,BR,1717872437
399,zadar,44.1197,15.2422,77.61,69,0,1.14,HR,1717872437
400,sangaria,29.8,74.45,91.33,30,2,6.35,IN,1717872437
401,bryne,58.7354,5.6477,50.99,87,75,20.71,NO,1717872437
402,suva,-18.1416,178.4415,74.68,94,75,8.05,FJ,1717872437
403,mount isa,-20.7333,139.5,46.17,81,0,3.44,AU,1717872437
404,beyneu,45.3167,55.2,79.07,41,0,11.9,KZ,1717872437
405,arkhangel'sk,64.5401,40.5433,54.12,100,100,2.24,RU,1717872341
406,new plymouth,-39.0667,174.0833,58.8,100,99,9.84,NZ,1717872437
407,fang,19.9169,99.2145,73.63,98,100,1.39,TH,1717872437
408,mbandaka,0.0487,18.2603,78.98,73,91,4.18,CD,1717872438
409,vanadzor,40.8046,44.4939,58.41,95,100,2.37,AM,1717872438
410,novodvinsk,64.4165,40.8122,53.78,95,100,4.41,RU,1717872438
411,mendi,-6.1761,143.6513,57.61,98,78,1.36,PG,1717872438
412,mukalla,14.5425,49.1242,89.91,64,0,3.04,YE,1717872220
413,tofol,5.3248,163.0078,83.46,79,97,12.55,FM,1717872438
414,richards bay,-28.783,32.0377,64.47,51,86,3.62,ZA,1717872438
415,callao,-12.0667,-77.15,75.72,77,75,11.5,PE,1717872371
416,hobyo,5.3505,48.5268,80.87,79,100,26.19,SO,1717872438
417,vila velha,-20.3297,-40.2925,78.75,69,40,5.75,BR,1717872308
418,brookings,44.3114,-96.7984,73.45,44,0,14.97,US,1717872375
419,champerico,14.3,-91.9167,79.72,87,100,8.93,GT,1717872438
420,ghazni,33.5536,68.4269,63.52,39,100,6.51,AF,1717872438
421,ancud,-41.8697,-73.8203,54.5,92,100,15.08,CL,1717872438
422,ladario,-19.0047,-57.6017,96.89,33,6,10.36,BR,1717872219
423,melito di porto salvo,37.9222,15.7714,79.36,60,0,4.61,IT,1717872438
424,newman,37.3138,-121.0208,83.23,23,100,0.38,US,1717872438
425,pariaman,-0.619,100.12,80.65,87,100,3.47,ID,1717872438
426,suwayr,30.1171,40.3893,97.74,14,0,9.89,SA,1717872438
427,samarinda,-0.5,117.15,74.12,99,99,1.74,ID,1717872438
428,nova vicosa,-17.8919,-39.3719,76.01,80,7,9.08,BR,1717872438
429,broome,42.2506,-75.833,73.69,64,100,14.97,US,1717872438
430,namibe,-15.1961,12.1522,68.04,76,0,1.61,AO,1717872438
431,mili,6.0815,171.735,83.23,77,98,11.92,MH,1717872438
432,bodo,67.28,14.405,59.77,59,40,4.61,NO,1717872305
433,port de pollenca,39.9075,3.0814,78.28,76,100,4.99,ES,1717872430
434,laojunmiao,39.8333,97.7333,65.3,24,100,4.54,CN,1717872438
435,xilin hot,43.9667,116.0333,55.08,38,4,1.57,CN,1717872438
436,terra santa,-2.1042,-56.4869,86.32,68,95,5.77,BR,1717872438
437,kupang,-10.1667,123.5833,77.58,94,0,4.61,ID,1717872301
438,noshiro,40.2039,140.0242,62.65,80,100,4.83,JP,1717872439
439,battle ground,45.7809,-122.5334,75.7,56,100,3.0,US,1717872439
440,sitka,57.0531,-135.33,69.69,28,40,9.22,US,1717872439
441,saint-philippe,-21.3585,55.7679,71.19,86,88,6.98,RE,1717872439
442,key west,24.5557,-81.7826,87.8,66,40,9.22,US,1717872417
443,anta,25.15,76.3,94.64,33,6,5.75,IN,1717872439
444,al ghayzah,16.2079,52.176,86.11,79,2,11.65,YE,1717872439
445,dryden,49.7833,-92.7503,66.49,45,75,6.91,CA,1717872439
446,alofi,-19.0595,-169.9187,69.69,73,20,9.22,NU,1717872439
447,kuta,-8.7233,115.1723,78.75,100,40,5.01,ID,1717872439
448,antonio enes,-16.2325,39.9086,75.15,80,0,12.91,MZ,1717872439
449,kerikeri,-35.2268,173.9474,61.92,94,100,11.01,NZ,1717872439
450,reyes,-14.3167,-67.3833,92.79,30,10,2.86,BO,1717872439
451,guajara mirim,-10.7828,-65.3394,91.56,46,75,4.61,BR,1717872439
452,gazipasa,36.2694,32.3179,82.49,54,20,4.61,TR,1717872439
453,marseillan,43.3562,3.528,73.96,77,0,10.36,FR,1717872439
454,westport,41.1415,-73.3579,80.15,46,20,17.27,US,1717872439
455,whakatane,-37.9585,176.9854,52.77,93,100,1.01,NZ,1717872439
456,keren,15.7778,38.4581,84.43,17,3,6.91,ER,1717872439
457,kodinsk,58.6881,99.1844,53.44,58,100,5.75,RU,1717872439
458,kalabo,-14.97,22.6814,66.24,30,2,6.44,ZM,1717872439
459,santa rosa de viterbo,-21.4728,-47.3631,84.02,25,5,3.91,BR,1717872142
460,dabakala,8.3667,-4.4333,83.41,62,8,6.35,CI,1717872439
461,fortaleza,-3.7227,-38.5247,87.93,66,20,14.97,BR,1717872300
462,bardai,11.65,7.2333,83.95,54,100,6.51,NG,1717872439
463,greater sudbury,46.49,-80.99,67.05,57,100,10.0,CA,1717872182
464,pacific pines,-27.9382,153.3093,54.37,89,2,1.99,AU,1717872440
465,vicuna,-30.0319,-70.7081,55.13,64,100,8.39,CL,1717872236
466,mil'kovo,55.6078,37.7956,68.4,50,100,3.53,RU,1717872440
467,daru,-9.0763,143.2092,77.85,87,98,16.44,PG,1717872440
468,sant antoni de portmany,38.9807,1.3036,73.38,76,75,13.8,ES,1717872440
469,ust'-uda,54.1742,103.0304,51.22,95,99,1.07,RU,1717872440
470,kyshtovka,56.555,76.6271,48.34,97,19,5.99,RU,1717872440
471,az zawr,29.4425,48.2747,96.03,74,0,12.28,KW,1717872440
472,ad dawadimi,24.5077,44.3924,96.15,9,3,10.4,SA,1717872440
473,gadzhiyevo,69.2551,33.3362,40.1,86,100,16.06,RU,1717872440
474,ko pha ngan,9.7578,100.0291,79.54,74,100,21.16,TH,1717872440
475,villa de soto,-30.8552,-64.9995,77.4,43,100,19.42,AR,1717872440
476,carutapera,-1.195,-46.02,80.78,84,49,8.84,BR,1717872440
477,oude pekela,53.1042,7.0097,55.98,85,100,8.88,NL,1717872440
478,old town,50.087,14.4202,76.15,54,0,6.91,CZ,1717872440
479,omdurman,15.6445,32.4777,100.35,23,100,11.03,SD,1717872304
480,kralendijk,12.15,-68.2667,89.58,66,75,23.02,BQ,1717872440
481,auki,-8.7676,160.7034,77.18,91,100,1.48,SB,1717872440
482,damavand,35.7178,52.065,67.06,24,0,4.12,IR,1717872440
483,podujeva,42.9106,21.1931,72.39,80,100,0.54,XK,1717872440
484,altay,47.8667,88.1167,61.09,47,100,6.91,CN,1717872440
485,kingston,17.997,-76.7936,88.75,74,20,21.85,JM,1717872257
486,saldanha,-33.0117,17.9442,53.65,76,96,11.36,ZA,1717872440
487,puerto baquerizo moreno,-0.9,-89.6,79.79,69,75,14.97,EC,1717872440
488,kavaratti,10.5669,72.642,81.27,87,100,12.97,IN,1717872440
489,gizo,-8.103,156.8419,81.86,80,100,4.63,SB,1717872441
490,beau vallon,-20.4189,57.6953,75.43,83,40,11.5,MU,1717872441
491,santiago de cao,-7.9589,-79.2392,68.13,77,75,12.66,PE,1717872441
492,miyaly,48.8844,53.7836,72.1,61,67,12.8,KZ,1717872441
493,merizo village,13.2658,144.6691,82.13,90,98,9.73,GU,1717872441
494,ts'khinvali,42.2276,43.9686,61.11,79,100,3.49,GE,1717872441
495,sarakhs,36.5449,61.1577,89.06,16,5,7.0,IR,1717872441
496,riyadh,24.6877,46.7219,102.34,9,0,12.17,SA,1717872142
497,carbonear,47.7332,-53.2148,64.6,88,60,3.2,CA,1717872441
498,nizhniy kuranakh,58.8353,125.4869,50.09,79,90,4.43,RU,1717872441
499,shchigry,51.8755,36.9043,60.62,89,100,5.88,RU,1717872441
500,kiruna,67.8557,20.2251,49.12,81,54,5.75,SE,1717872441
501,lysekil,58.2743,11.4358,50.11,84,100,3.0,SE,1717872441
502,quellon,-43.1167,-73.6167,53.28,91,100,23.02,CL,1717872382
503,salinopolis,-0.6136,-47.3561,83.8,73,99,12.03,BR,1717872441
504,greymouth,-42.4667,171.2,48.79,95,100,6.71,NZ,1717872441
505,tottori,35.5,134.2333,66.15,85,100,15.23,JP,1717872441
506,queenstown,-31.8976,26.8753,46.87,66,6,1.97,ZA,1717872441
507,salamanca,40.8333,-6.0,67.95,51,100,9.35,ES,1717872441
508,xiongzhou,25.1167,114.3,74.95,98,99,0.92,CN,1717872441
509,vilyuysk,63.7553,121.6247,54.0,60,3,4.0,RU,1717872441
510,smithers,54.7804,-127.1743,70.12,26,20,10.36,CA,1717872441
511,tynda,55.1667,124.7167,48.81,73,38,2.37,RU,1717872441
512,wewak,-3.5534,143.6268,79.23,86,22,3.8,PG,1717872441
513,gargalianoi,37.0667,21.6333,76.35,80,8,5.28,GR,1717872441
514,willard,41.0531,-82.7263,79.84,40,1,12.57,US,1717872441
515,cabeza del buey,38.7223,-5.2195,69.46,46,23,13.29,ES,1717872442
516,fes al bali,34.0701,-4.9547,77.13,49,40,12.66,MA,1717872442
517,batac city,18.0554,120.5649,80.38,94,75,4.61,PH,1717872442
518,viedma,-40.8135,-62.9967,65.28,67,100,6.04,AR,1717872425
519,rongelap,11.1635,166.8941,82.92,82,18,16.49,MH,1717872442
520,acarau,-2.8856,-40.12,82.11,81,4,10.98,BR,1717872442
521,atlantic city,39.3643,-74.4229,82.58,39,0,12.66,US,1717872203
522,muntok,-2.0667,105.1833,79.43,86,99,5.44,ID,1717872442
523,port blair,11.6667,92.75,78.84,94,40,1.14,IN,1717872442
524,yei,4.095,30.6779,68.68,95,56,3.29,SS,1717872442
525,priozersk,61.0393,30.1291,54.09,90,100,5.17,RU,1717872442
526,ust'-barguzin,53.45,108.9833,49.1,66,100,1.32,RU,1717872442
527,portland,45.5234,-122.6762,76.91,49,75,8.05,US,1717872221
528,shakhun'ya,57.6758,46.6114,57.47,93,13,3.78,RU,1717872442
529,tommot,58.9564,126.2925,50.61,81,43,3.09,RU,1717872442
530,sept-iles,50.2001,-66.3821,66.72,64,20,19.57,CA,1717872442
531,misantla,19.9333,-96.8333,98.35,34,40,9.84,MX,1717872442
532,inirida,3.8653,-67.9239,77.67,95,97,4.03,CO,1717872442
533,parham,17.0968,-61.7705,89.04,61,40,11.5,AG,1717872442
534,katsuura,35.1333,140.3,68.31,77,13,7.16,JP,1717872442
535,taltal,-25.4,-70.4833,61.83,76,87,6.44,CL,1717872442
536,la'ie,21.6477,-157.9253,82.36,76,3,8.99,US,1717872442
537,kamloops,50.6665,-120.3192,71.74,26,20,5.75,CA,1717872296
538,linden,6.0,-58.3,87.17,63,63,3.29,GY,1717872204
539,bel ombre,-4.6167,55.4167,82.24,74,20,4.61,SC,1717872442
540,bokovskaya,49.229,41.8306,67.15,67,27,5.53,RU,1717872442
541,nelson,-41.2833,173.2833,49.28,90,100,0.96,NZ,1717872443
542,nayoro,44.3506,142.4578,57.47,98,100,2.28,JP,1717872443
543,griffith,41.5284,-87.4237,79.29,61,100,10.36,US,1717872443
544,sibsagar,26.9833,94.6333,78.94,83,58,3.74,IN,1717872443
545,bloomfield,40.8068,-74.1854,80.42,45,75,16.11,US,1717872443
546,khambhat,22.3,72.6167,90.52,60,5,8.16,IN,1717872443
547,hegang,47.4,130.3667,52.65,95,90,2.89,CN,1717872443
548,bol,13.4586,14.7147,85.8,62,12,6.35,TD,1717872443
549,geraldton,-28.7667,114.6,72.01,88,40,19.57,AU,1717872443
550,berezovyy,51.6667,135.7,45.97,98,100,1.01,RU,1717872443
551,vicosa,-20.7539,-42.8819,74.62,59,24,4.25,BR,1717872443
552,castillos,-34.1667,-53.8333,68.23,86,100,6.11,UY,1717872443
553,nabire,-3.3667,135.4833,76.28,95,62,3.0,ID,1717872443
554,san luis de la loma,17.2706,-100.8939,88.57,55,100,10.69,MX,1717872443
555,curillo,1.0333,-75.9191,76.93,83,94,2.82,CO,1717872443
556,dwarka,22.2394,68.9678,84.11,81,3,14.03,IN,1717872443
557,dhromolaxia,34.8755,33.5868,89.26,27,0,9.22,CY,1717872443
558,caleta de carquin,-11.0925,-77.6267,70.23,71,7,10.6,PE,1717872443
559,srandakan,-7.9386,110.2506,76.78,92,88,6.62,ID,1717872443
560,qianzhou,28.3167,109.7167,64.11,98,100,3.13,CN,1717872443
561,dzhalagash,45.0833,64.6667,82.85,23,10,3.78,KZ,1717872443
562,labrador city,52.9463,-66.9114,80.51,29,75,6.91,CA,1717872443
563,kikwit,-5.041,18.8162,83.14,37,78,3.56,CD,1717872444
564,kedrovyy,56.1667,91.8167,59.41,97,78,5.59,RU,1717872444
565,ta`u,-14.2336,-169.5144,79.84,74,100,24.36,AS,1717872444
566,nebbi,2.4783,31.0889,71.74,75,86,2.93,UG,1717872444
567,kemijarvi,66.7131,27.4306,55.58,63,38,2.89,FI,1717872444
568,sola,-13.8833,167.55,79.25,79,100,20.04,VU,1717872444
569,sainte-anne-des-monts,49.124,-66.4924,55.27,88,95,5.75,CA,1717872444
570,khovd,48.0056,91.6419,66.07,32,7,9.1,MN,1717872444
571,lugu,23.7464,120.7525,76.23,97,52,0.87,TW,1717872444
572,bulungu,-4.55,18.6,84.43,40,98,1.81,CD,1717872444
